Country,CountryTotal
USA,65090437.0
Germany,55556848.0
France,54388487.0
Brazil,47467769.0
UK,34560755.0
Mexico,25146864.0
Spain,23968999.0
Venezuela,21404996.0
Canada,15103910.0
Argentina,14803867.0
Italy,14437243.0
Denmark,10611365.0
Sweden,10479408.0
Portugal,10384379.0
Finland,10361235.0
Switzerland,10324316.0
Austria,9961995.0
Belgium,9671730.0
Poland,5196640.0
Norway,4647933.0
Ireland,4434538.0
